date,followers,media_count
2026-09-27,57,3
2026-09-27,57,7
2026-09-27,57,8
2026-09-27,58,27
2026-09-28,57,32
2026-09-28,56,32
2026-09-29,55,37
2026-09-29,55,37
2026-09-29,55,37
2026-09-29,55,39
2026-09-29,55,39
2026-09-30,55,41
2026-09-30,55,41
2026-09-30,56,45
2026-09-30,56,8
2026-10-01,56,9
2026-10-01,56,9
2026-10-01,56,11
2026-10-02,56,12
2026-10-02,56,12
2026-10-02,56,13
2026-10-02,56,13
2026-10-03,56,14
2026-10-03,56,14
2026-10-03,56,15
2026-10-03,56,16
2026-10-03,56,17
2026-10-03,56,17
2026-10-03,56,17
2026-10-04,56,17
2026-10-04,56,17
2026-10-04,56,18
2026-10-04,56,19
2026-10-04,56,20
2026-10-04,56,20
2026-10-05,56,20
